,beta,gamma,alpha,p_0,p_k,p_p,y_mean,y_std,n_unique
0,-2.0,2.0,-2.0,0.19523809523809524,0.8,0.004761904761904745,2.4047619047619047,1.1952762650274544,3
1,-2.0,2.0,0.0,0.19047619047619047,0.7952380952380952,0.014285714285714346,2.4047619047619047,1.1872432748839306,4
2,-2.0,2.0,2.0,0.15714285714285714,0.7904761904761904,0.05238095238095242,2.557142857142857,1.2253586248109147,8
